text,label
<p>Not a single commenter here is an active servicemember: Shout out to all the chicken hawks in the house!</p>,0
"<p>Consumers lost confidence in Target because of the rollback of their Diversity, Equity and Inclusion policies. The can whitewash it all they want.</p>",0
"<p>×”× ××©× ×¡×œ×— ×©×›×— ×•×©×™×œ× . ×‘××©×š ×¢×©×¨×•×ª ×©× ×™× ×”× ××©× ×‘×©×•×—×“ ×”×‘×˜×™×— ×œ×”×©××™×“ ××ª ×”×˜×¨×•×¨ ××š ×—×™×–×§ ××ª ×”×˜×¨×•×¨ ×‘×××•×ª ××©××™×•×ª ×œ×™×•× ×œ×˜×¨×•×¨, ×©×™×—×¨×•×¨ ××œ×¤×™ ×¨×•×¦×—×™× ,××–×•×•×“×•×ª ××–×•××Ÿ, ×§×™×¦×‘××•×ª ×œ×¢×™×“×•×“ ×˜×¨×•×¨ ×“×¨×š ×”×¨×©×•×ª ×”×¤×œ×¡×˜×™× ×™×ª ×•×”×‘×™×˜×•×— ×”×œ××•××™.</p>",0
What a nut job.  If she gets elected in the general election stay way from Arizona for 4 (or 8 years).,0
"<p>Donald Trump would rather you worry about his deal-making ability as regards Putin,</p><p></p><p>Than have to worry that we are sliding toward WW III without a public debate because the Left is still mad at Putin for preventing Hillary from shattering the &#34;glass ceiling.&#34;</p>",0
<p>Criminals and gangsters are scums of humanity. They don&#39;t have any human rights once they committed a crime. </p>,0
<p>Maybe if you did not reimagine history you would not have written your comment. Israel must no longer tolerate having murderous neighbors living in the Gaza Strip. Trump is right. They must leave now.</p>,0
"<p>Throwing money at a problem is not a solution. Unfortunately, our democrat majority has never understood that. And now they are saying strategy is important also, Thats funny because I didn&#39;t hear that several years ago when they were blowing the surplus.</p>",0
<p>black people have killed more people just in the past years then all slavery and every mass killing in the us history combined. Go back to school </p>,0
"<p>OK I&#39;m in....</p><p></p><p>.... WHERE is the information  located and please be very specific,.</p>",0
"<p>&#34;Heâ€™s the nationâ€™s health secretary, and there are children in the hospital with measles who shouldnâ€™t have to be there.&#34;</p><p></p><p>One week into the job WSJ EB is now blaming him for a measles &#34;outbreak&#34;, of 48 cases.  According to the CDC, measles was offically eliminated in 2000, which means &#34;there is no measles spreading within the country and new cases are only found when someone contracts measles abroad and returns to the country.&#34;  So we have measles cases still, every year and 48 cases is not very big when looking back to 2000.  According to the CDC the average number if measles cases from 2000 to 2024 is 180 with highest year being 2019 with 1,274.</p><p></p><p>I think we need to see what he does before deciding he is to blame for something he was not responsible for.  Another case of handpicking facts and ignoring others to finish with a ridiculous non sequitur. </p>",0
"<p>All the Mafia dons are in prison, Paula. Precisely where Trump should be.</p>",0
<p>Putin keeps drafting them and Ukraine keeps up the pace killing them and filling body bags.</p>,0
"<p>Again, I am not the subject here.</p><p></p><p>Why do you seem more interested in discussing me as well as holding forth about liberals in general, to the neglect of the issues previously raised? Do you have nothing to say on the subject of the alleged quid pro quo that has apparently gotten Adams off the hook?</p>",0
the rule is for open carry ,0
"So Trump and Lindsey gonna threaten to turn the Proud Boys and Oath Keepers loose on us if Trump has to face his day in court like anyone else would ?? ,,..

And spare us the apples and oranges &#34;Hillary&#34; comparison... Trump and his minions were in charge of the Attorney Generals Office, DOJ, and the FBI for 4 years...There were 2 investigations of her emails..  If there was any charge out there they though they could have made stick they would have done so....    Hell,, he compaigned on &#34;lock her up&#34;,,,  Just like 8 GOP Benghazi investigations,,, all accusations,, never any evidence to charge her let alone get a conviction....

Trump can have his day in court,,  put forth his side,, cross examine witnesses,, confront evidence,, and let a real jury decided,,,  THAT&#39;S HOW WE DO IT UNDER RULE OF LAW, LINDSEY !!",0
<p>×¢×™× ×‘ ×§×™×‘×œ×” ×©×¢×•×Ÿ ×—×•×œ ××—×××¡. ×–×” ×›×œ ×”×”×™×©×’ ×©×œ×” . ×‘×›×œ ×–××ª ×× ×™ ××§×•×•×” ×©×”×‘×Ÿ ×©×œ×” ×™×©×•×—×¨×¨ ×‘×§×¨×•×‘ .</p>,0
"The guy is sincere but gets his turn at the podium based on his acting in movies. I like most of his films, but he is no more an expert than anyone else.",0
"<p>At the same time, there are many examples of poor collective decision-making. Nobody bears the ultimate responsibility.</p><p>I&#39;m from Europe, so the EU comes to mind...</p>",0
<p>Yuck! Why? They are terrible together and Steffy needs no more romantic connections to Liam. </p>,0
"<p>&#34;The bureaucracy is just way too bloated and too filled with people with their own (woke) agendas&#34;</p><p></p><p>You watch too much FAUX NEWS, sir...</p><p></p><ol><li><p>US economy #1 in the world</p></li><li><p>public sector by size...about 14%--ranks in the middle...UK is 24%...Israel 31%...Nordic countries hover around 30%</p></li><li><p>Best run countries: Swiss and Nordic countries with the US at about number 3 or 11...with far fewer government workers</p></li></ol><p></p><p><strong>Public Sector Size by Country 2024</strong></p>",0
"but I think most people know this is a very specific thing to get them into this process.

So basically, if you have an article or any idea about how you look at this, I would add here as a disclaimer and to make sure",0
"Really . The Ryder cup stalwart. The club pro who went professional at 4 handicap ( not +4) and didnâ€™t have all the skills in his bag. 

Poulter is a golfer. Not a superstar like Rory or Tiger who have exceptional gifts. If he chooses at the end of his career to chase some cash (like  Hedrick) so what. 

Rory  is the best golfer in the world at the moment. Truly exceptional. But disparaging people like Poulter and Westwood is pathetic . Better just wear the pga logo on your shirt so we are clear what is behind this .",0
<p>tons and tons of federal workers. How many workers does it take to one job in private industry?</p>,0
<p>Better than a clown.  </p>,0
"<p>It cost $178k per hour to fly AF One from preflight to post flight.  Secret Service labor (695 security personal for SB; 385 for Mar a Lago), added local law enforcement contract billing (according to LA State reports, 2,000 officers), support aircraft every time AF One is in the air (how much do you think it costs to have six fighters in the air?), 15 car motorcade.  Cost of Marine One flights.  Security equipment, bomb sniffing dogs, Hospitals have to be set up and secure.  Room, Board, autos for a number of days.  Planning starts days in advance with teams assessing risk. Throw in he had an entourage. The articles I read seemed to justify $20M. What do you think it is?  What have you read or seen that would make you think its higher or lower.  Round trip flight times are over $1M just for AF One.</p>",0
<p>yeah just like the insurrection right?  please sit this one out.  </p>,0
"Being a Floridian for the past 20 years, I can promise you that if you did not care for our former President, then DeSantis will be a lot worse.",0
"<p>Farmers cannot afford to pay bribes to people endorsing and approving their loan applications, that is why farmers are unable to borrow.</p><p>At UCPB, bank loans were approved without bribes, but the officers demand 3-5% of loan proceeds when the loan was about to be released. Dominguez found this out later in the Duterte administration.</p><p>Land Bank lends to large scale projects like roads where borrower plants asphalt overlay instead of rice, to steel plants that are doomed to fail due to competition from Chinese steelmakers with economies of scale, to mining companies that dig land leaving dirt and competing for scarce financing that foreign investors should have brought into the country, to domestic conglomerates getting behest loans due to pressure from high-ranked politicians, etc. Land Bank is the vault keepr of powerful politicians and large borrowers willing to pay big bribes.</p><p>Agri borrowers have risky credit rating, but Land Bank can compensate for the risk by (1) charging premium on interest rates, and (2) buying finished agricultural products like rice, corn coconuts with low risk of spoilage. Absent Land Bank, the traders finance the farmers charging extremely high financing cost normally exceeding 30% per annum. For example, the trader buys copra at P40/kg and sells it for P60/kg to oil mills, to make at least P10/kg after operating costs. For 3 cycles in one year, the trader charges the coconut farmer 10/40*3 = 75% financing cost.</p>",0
The market rewards that which is most needed.,0
<p>What did I say that you don&#39;t agree with/ think is true?</p>,0
"<p>Take responsibility for your choices, Rod. You were warned ad naseum. </p>",0
<p>i know that a small country was able to hold off the Russian war machine with the help of Europe and the USA.  </p>,0
"<p>I don&#39;t like what Trump said, but I like even less the reason he had to say it.  </p><p></p><p>We saw an unprecedented and unconscionable collusion between big tech, the US government and the Democrats for the sole purpose of keeping Mr. Trump from getting elected.  We had our 1st Amendment rights stifled and trampled on by those same people we trust to enforce our 1st Amendment rights. </p><p></p><p>Not only that, but when you consider the unimaginable level of collusion and cooperation between big tech, the Intelligence community, the Democratic Party and a presidential candidate (What did Joe Biden know and when did he know it), it makes you sick.  Were those 50+ intelligence officials who wrote that letter-were they contacted by big tech to write that letter? The FBI?  The Democratic Party?  </p><p></p><p>If this level of cooperation had occurred in a financial institution, numerous people would be arrested and convicted for insider trading, RICO cases would be flying around-here, even the WSJ just says &#34;ehh&#34;.  </p><p></p><p>January 6th horrified so many that too many, even when confronted with the man behind the curtain, refuse to recognize the fundamental rot that helped instigate the feelings behind January 6.  </p><p></p><p>And what is so terrifying is it doesn&#39;t have to be Trump for this unholy alliance-which still exists-to wield their power against-It can, and probably will be, any present and future republican candidate.</p><p></p><p>BE AFRAID, BE VERY AFRAID</p>",0
"× ×›×•×Ÿ, ×œ× ×‘×¨×•×¨ ×œ××” ××§×“×™×©×™× ×›×ª×‘×” ×¢×œ×™×”×, ××– ×©×™×”×™×” ×œ×”× ×–×™×”×•× ××•×•×™×¨.",0
<p>Zelden&#39;s action has to be a winner in both houses. </p>,0
<p>10/10 Guessed on Niue through process of elimination.  Have a great day my fellow BCers!</p>,0
<p>Hail or Heil?</p>,0
"<p>Countries (Canada, Europe, UK...) are already backing away from us, and it will be to our detriment.</p>",0
<p>Well said Mr. Meier.  I would like WSJ to disclose how many paid subscriptions come from government agencies or taxpayer funded NGOs.</p><p></p><p>How much of the Commentary here is from government workers with little to do or federally-funded NGO staff with nothing to do but post comments.  Leftwing Big Government speech force-funded by taxpayers. </p>,0
<p>Your mocking does not change facts.</p>,0
<p>Last sentence uncalled for and totally inappropriate if not illegal.  Save that for your in cocktail get togethers.</p>,0
I don&#39;t expect aliens to be articulate.,0
<p>Trump wants to be Putin (the reverse is not true).</p><p>The drawback is that the US will become Russia: a poor and inequal fascist disctatorship despised by the rest of the world. </p><p></p>,0
<p>Ugh! Why arenâ€™t all these great Lucky scenes with JJ??!!</p>,0
"<p>Maybe he asked his grandmother and she said yes. But now that she&#39;s not here to confirm, the organization will say whatever- to start controlling the narrative before the documentary comes out. </p>",0
"If you want to see what our gov. should look like if a true fair democracy google Second Rate Democracy and read away. I don&#39;t think anyone can argue the points this article gives. Do not mistake the article for negative propaganda as what it suggests we would all most agree with both republican, and democrat, as well as Forward!",0
"<p>No it doesn&#39;t.  It would give me pleasure if politicians had more integrity and put county before personal ambition and party.  It doesn&#39;t take a genius to see that Walker is simply not qualified to be a US Senator, regardless of what his beliefs are.   </p>",0
"<p>First, I call immigrants who donâ€™t come into the country legally, illegals. A â€œtrans womanâ€ is a male posing as a female. God said he made humans male and female. And throughout the Bible even homosexuality is condemned. And you forget, if you ever knew, that the prostitute at the well was not affirmed in what she was doing. Jesus pointed out what she was doing was wrong and then told her to â€œgo and sin no moreâ€. </p>",0
<p>We were quite ready to go to war with Cuba over Soviet missiles stationed there. That was averted by the Soviets withdrawing the missiles.  Great powers or even regional powers have always drawn red lines. Smart diplomacy lies in recognizing whether crossing those red lines and risking war really is in our strategic interests</p>,0
"I bought Bitcoin for the first over a month ago now and I have been able to earn x2 my wallet balance within 32 days not by trading on my own but by following the advise and reliable signals from John Dake, a renowned trader that is always one step ahead of the market, John Dake Currently runs a program for investor and newbies who are curious to learn how to earn by trading crypto.",1
"Hello guys, I have been ripped off so many times by fake hackers who promised to fix my credit but kept given excuses before I came across <strong>XAP Credit Plu </strong>as he helped save a dying soul and being ripped off. I appreciate you   so much XAP and I promise to always tell the world about you. For your   information <strong>xapcreditplus.com </strong>does all hacking jobs. Contact him Via Telegram: @XAPCREDITPLUS or text <strong>+1</strong> <strong>(972) 591-6456 </strong>the only Ethical hacker with guarantee that will provide result and wonâ€™t   expose your confidential data to anyone. My previous experience with hackers is worrisome and pathetic.",1
ï¼®ï½–ï½„ï½ã€€ï½—ï½‰ï½Œï½Œã€€ï½†ï½ï½Œï½Œã€€ï½”ï½ï½„ï½ï½™ã€€ï½ï½†ï½”ï½…ï½’ã€€ï½™ï½…ï½“ï½”ï½…ï½’ï½„ï½â€™ï½“ã€€ï½ƒï½ï½ï½“ï½”ï½ï½ï½”ã€€ï½“ï½…ï½Œï½Œã€€ï½ï½†ã€€ï½”ï½ˆï½‰ï½“ã€€ï½“ï½”ï½ï½ƒï½‹ã€€ï½ï½”ã€€ï½”ï½ˆï½…ã€€ï½ï½’ï½‰ï½ƒï½…ã€€ï½ï½†ã€€ï¼•ï¼™ï¼™ã€€ï½”ï½ã€€ï¼•ï¼™ï¼™ï¼ï¼™ã€€ï½„ï½ï½Œï½Œï½ï½’ã€€ï½†ï½ï½’ã€€ï¼“ã€€ï½ï½ï½’ï½…ã€€ï½ˆï½ï½•ï½ï½’ï½“ï¼ã€€ï¼®ï½ã€€ï½ï½ï½…ã€€ï½‹ï½ï½ï½—ã€€ï½—ï½ˆï½ã€€ï½ˆï½ï½“ã€€ï½“ï½ã€€ï½ï½ï½ï½™ã€€ï½“ï½ˆï½ï½’ï½…ï½“ã€€ï½ï½†ã€€ï¼®ï½–ï½„ï½ã€€ï½”ï½ã€€ï½“ï½…ï½Œï½Œï¼ï¼¡ï½”ã€€ï½”ï½ˆï½…ã€€ï½“ï½ï½ï½…ã€€ï½”ï½‰ï½ï½…ï¼Œã€€ï½ï½Œï½Œã€€ï½”ï½ˆï½…ã€€ï½‚ï½•ï½Œï½Œï½“ã€€ï½ï½†ã€€ï½”ï½ˆï½‰ï½“ã€€ï½“ï½”ï½ï½ƒï½‹ã€€ï½‚ï½•ï½™ã€€ï½—ï½ˆï½ï½”ã€€ï½—ï½ï½ï½”ã€€ï½ï½”ã€€ï¼•ï¼™ï¼™ã€€ï½„ï½ï½Œï½Œï½ï½’ï¼,1
"Last week, I tried Cryptocurrency trading for the first time, after many months of watching my friend who shared him testimony video about crypto trading finally I decided to give it a try, but to start small, since I am not greedy, I kept following & waiting everyday to see when I will hit something huge and I did it through Ray Williams, I strongly recommend you write him on on WHATSAPP +2(411) 241 0211",1
"available   0n   FACE B ğŸ‘€ K ğŸ‘‰..............ğŸ‘‡ğŸ‘‡
               á´ Éªá´„á´›á´Ê€Éªá´€ á´‡ á´á´Ê€É¢á´€É´.âœï¸ğŸŒ¼ğŸŒŸğŸŒ¼",1
This is not the first time hearing of á´ Éªá´„á´›á´Ê€Éªá´€ and her exploits in the trading world but I have no idea how to reach her..,1
        www-discord.marketmindpro.com,1
"Kyrie Irving reacciona a la suspensiÃ³n de los Nets y pide perdÃ³n
---
ğ˜Œğ˜´ğ˜µğ˜°ğ˜º ğ˜­ğ˜ªğ˜£ğ˜³ğ˜¦ ğ˜¦ğ˜´ğ˜µğ˜¢ ğ˜¯ğ˜°ğ˜¤ğ˜©ğ˜¦. Â¿ğ˜˜ğ˜¶ğ˜ªğ˜¦ğ˜³ğ˜¦ğ˜´ ğ˜µğ˜°ğ˜®ğ˜¢ğ˜³ ğ˜¶ğ˜¯ğ˜¢ ğ˜¤ğ˜°ğ˜±ğ˜¢? ğ˜ğ˜¢ğ˜» ğ˜¤ğ˜­ğ˜ªğ˜¤ ğ˜¦ğ˜¯ ğ˜¦ğ˜­ ğ˜¦ğ˜¯ğ˜­ğ˜¢ğ˜¤ğ˜¦ ğ˜±ğ˜¢ğ˜³ğ˜¢ ğ˜¦ğ˜¯ğ˜¤ğ˜°ğ˜¯ğ˜µğ˜³ğ˜¢ğ˜³ ğ˜®ğ˜ª ğ˜±ğ˜¦ğ˜³ğ˜§ğ˜ªğ˜­ ğ˜¤ğ˜°ğ˜¯ ğ˜¦ğ˜­ ğ˜¯Ãºğ˜®ğ˜¦ğ˜³ğ˜° ğ˜¥ğ˜¦ ğ˜µğ˜¦ğ˜­Ã©ğ˜§ğ˜°ğ˜¯ğ˜°
ğ—›ğ—¢ğ—Ÿğ—”.ğ—šğ—”ğ—Ÿğ—œğ—§ğ—˜ğ—–.ğ—˜ğ—¦",1
"â˜ï¸@samantha5arâ˜ï¸



TelegramğŸ˜",1
I made $20k without Êœá´‡ÊŸá´‡É´á´€'s help.,1
"Reach her on W. H. A. T. S. A. P. P +1, 7, 8, 6, 8, 4, 1, 3, 8, 8, 1 

",1
Yeah. She's.... 0n   FACE B ğŸ‘€ K ğŸ‘‰..á´‡ÊŸÊŸá´‡É´á´€ ÊŸ Ê™Ê€Éªá´€É´  ... ğŸ‘ˆDMğŸ“ŒğŸ“Œ,1
"

don&#39;t know how Mrs Melissa Valdez does it, all know is that she knows the forex market like it&#39;s her own farm... Working with her has yielded fruitful results..I made about 50,000$ almost weeks of trading...you can reach out to her on w.a.t.s.a.p.pğŸ‘‰ğŸ‘‰ +(1)_978_566_1833 or Facebook ğŸ“šğŸ“š@melissa Valdez fx",1
ğŸ¯ğŸ’¸&lt;www.realguide.online&gt;ğŸš€ğŸš€,1
"reach 0ut.... 0n   FACE B oo K ğŸ‘‰...
      ğŸ‘‡     ğŸ‘‡
Ê™á´‡á´€á´›Ê€Éªá´„á´‡ ÊŸ  á´¡á´á´á´…s..                               
                                                    ",1
"PiquÃ©, en la foto oficial de la plantilla con tÃ©cnicos y presidente
----
Â¡ğ˜½ğ™ªğ™¨ğ™˜ğ™–ğ™£ğ™™ğ™¤ ğ™¡ğ™ğ™œğ™–ğ™§ ğ™˜ğ™¤ğ™£ ğ™ªğ™£ ğ™šğ™­ğ™©ğ™§ğ™–Ã±ğ™¤! Â¡ğ™‡ğ™ğ™¨ğ™©ğ™¤ ğ™¥ğ™–ğ™§ğ™– ğ™˜ğ™ªğ™–ğ™¡ğ™¦ğ™ªğ™ğ™šğ™§ ğ™šğ™­ğ™¥ğ™šğ™§ğ™ğ™¢ğ™šğ™£ğ™©ğ™¤!
ğ—›ğ—¢ğ—Ÿğ—”.ğ—šğ—”ğ—Ÿğ—œğ—§ğ—˜ğ—–.ğ—˜ğ—¦",1
Stop being afraid of trading join is trading platform and you see it for yourself her is good and trustworthy meet her on Facebook Linda Brown,1
"Facebook :Ricky L Vasquez...............????.............. ..




Whatsapp +1 7â€™8â€™6â€™8â€™4â€™1â€™3â€™8â€™8â€™1................???...........................",1
The rise of scammers in the crypto world is giving all crypto analyst bad names but Aleo has proven him self above every reasonable doubt to many that she is trustworthy and gives the best signal For beginners guide to crypto Contact Expert Aleo +6 266 246 3564 Him official whatsapp number for trades,1
"Éª Ê€á´‡á´„á´‡É´á´›ÊŸÊ á´…Éªsá´„á´á´ á´‡Ê€á´‡á´… á´€É´ ÉªÉ´sÉªÉ¢Êœá´›Ò“á´œÊŸ á´˜á´á´…á´„á´€sá´› á´€á´ á´€ÉªÊŸá´€Ê™ÊŸá´‡ á´É´ sá´á´œÉ´á´…á´„ÊŸá´á´œá´… á´›Êœá´€á´› á´‡xá´˜ÊŸá´Ê€á´‡s Ò“ÉªÉ´á´€É´á´„Éªá´€ÊŸ sá´›Ê€á´€á´›á´‡É¢Éªá´‡s á´€É´á´… á´˜Ê€á´á´ Éªá´…á´‡s ÉªÉ´-á´…á´‡á´˜á´›Êœ ÉªÉ´á´ á´‡sá´›á´á´‡É´á´› á´€É´á´€ÊŸÊsÉªs. á´›ÊœÉªs á´˜á´á´…á´„á´€sá´› á´Ò“Ò“á´‡Ê€s á´˜Ê€á´€á´„á´›Éªá´„á´€ÊŸ É¢á´œÉªá´…á´€É´á´„á´‡ á´€É´á´… á´œÉ´ÉªÏ™á´œá´‡ á´˜á´‡Ê€sá´˜á´‡á´„á´›Éªá´ á´‡s, á´á´€á´‹ÉªÉ´É¢ Éªá´› á´€ á´ á´€ÊŸá´œá´€Ê™ÊŸá´‡ Ê€á´‡sá´á´œÊ€á´„á´‡ Ò“á´Ê€ Ê™á´á´›Êœ É´á´á´ Éªá´„á´‡ á´€É´á´… sá´‡á´€sá´É´á´‡á´… ÉªÉ´á´ á´‡sá´›á´Ê€s. Éªá´› á´‡Ò“Ò“á´‡á´„á´›Éªá´ á´‡ÊŸÊ sÉªá´á´˜ÊŸÉªÒ“Éªá´‡s á´„á´á´á´˜ÊŸá´‡x á´›á´á´˜Éªá´„s á´¡ÊœÉªÊŸá´‡ Ê€á´‡á´ á´‡á´€ÊŸÉªÉ´É¢ á´Ò“á´›á´‡É´-á´á´ á´‡Ê€ÊŸá´á´á´‹á´‡á´… á´á´˜á´˜á´Ê€á´›á´œÉ´Éªá´›Éªá´‡s á´¡Éªá´›ÊœÉªÉ´ á´›Êœá´‡ Ò“ÉªÉ´á´€É´á´„Éªá´€ÊŸ ÊŸá´€É´á´…sá´„á´€á´˜á´‡. Ò“á´Ê€ á´›Êœá´sá´‡ sá´‡á´‡á´‹ÉªÉ´É¢ á´›á´ á´‡xá´˜á´€É´á´… á´›Êœá´‡ÉªÊ€ Ò“ÉªÉ´á´€É´á´„Éªá´€ÊŸ á´€á´„á´œá´á´‡É´, Éª ÊœÉªÉ¢ÊœÊŸÊ Ê€á´‡á´„á´á´á´á´‡É´á´… á´›á´€á´‹ÉªÉ´É¢ á´›Êœá´‡ á´›Éªá´á´‡ á´›á´ ÊŸÉªsá´›á´‡É´. Êœá´‡Ê€á´‡ Éªs á´›Êœá´‡ ÊŸÉªÉ´á´‹ Ò“á´Ê€ Êá´á´œÊ€ á´„á´É´á´ á´‡É´Éªá´‡É´á´„á´‡.",1
                          Face__b00k... lizzi Walterfx....ğŸ‡¦ğŸ‡¨ğŸ´â€â˜ ï¸ğŸ´â€â˜ ï¸ğŸ‡¦ğŸ‡¨,1
ğŸ“±ğŸ“±WhatsApp +44 7465 953556â˜ï¸ğŸ“,1
         www.discord.gg/QnEZnMC,1
<p>Marcos renunciaba al Mundial para estar con su padre</p><p>--</p><p>Â¡ğ™±ğšğšœğšŒğšŠnğšo ğš•iğšar con ğšn extrğšŠÃ±ğš˜! Â¡Lğš’ğšœtğš˜ ğš™ğšŠra cğšağš•ğššuğš’eğš› ğšxperğš’ğš–ğšnto!</p><p>wwğš .ğš¡ğš¡loğšŸe.ğšoğš™</p>,1
"<p> When they start saying again, &#34;Ladies and Gentlemen&#34; at online workworks, then I will return, but not until then! Florida is a common sense conservative state where most people have brains!</p><p>Open The Link......&gt;&gt;&gt;   ğ—¦ğ—®ğ—¹ğ—®ğ—¿ğ˜†ğ—”ğ—½ğ—½ğŸ­.ğ—–ğ—¼ğ—º</p><p></p>",1
<p>Yahoo! has been so bad lately - especially the <strong>AVDL</strong> board. I like using ELITETRADE --CLUB (Google it) now instead for my daily research.Â </p>,1
 á´ Éªá´„á´›á´Ê€Éªá´€ á´‡ á´á´Ê€É¢á´€É´..ğŸ’ŒğŸ’Œ,1
'ğˆ ğ£ğ®ğ¬ğ­ ğ¥ğ¨ğ¯ğ ğ¡ğ¨ğ° ğğ¯ğğ§ ğ…ğ¨ğ± ğ¢ğ¬ ğ­ğšğ¥ğ¤ğ¢ğ§ğ  ğšğ›ğ¨ğ®ğ­ ğ¡ğ¨ğ° ğ“ğ«ğ®ğ¦ğ© ğ«ğšğ¦ğ›ğ¥ğğ¬ ğ¢ğ§ğœğ¨ğ¡ğğ«ğğ§ğ­ğ¥ğ² ğ²ğğ­ ğšğ¥ğ¥ ğ°ğ ğ¡ğğšğ« ğšğ›ğ¨ğ®ğ­ ğŸğ«ğ¨ğ¦ ğ­ğ¡ğğ¦ ğšğ§ğ ğ­ğ¡ğğ¢ğ« ğŸğšğ§ğ¬ ğ¦ğ¨ğ¬ğ­ ğ¨ğŸ ğ­ğ¡ğ ğ­ğ¢ğ¦ğ ğ¢ğ¬ ğ­ğ¡ğšğ­ ğğ¢ğğğ§ ğ¢ğ¬ ğğğ¦ğğ§ğ­ğğ'.,1
"ğˆ ğšğ¦ ğ¬ğ¨ ğ©ğ«ğ¨ğ®ğ ğ¨ğŸ ğ­ğ¡ğ¢ğ¬ ğ©ğ«ğ¨ğŸğğ¬ğ¬ğ¢ğ¨ğ§ğšğ¥  Lisa ğŸğ¨ğ« ğ¡ğğ« ğ¦ğšğ«ğ¯ğğ¥ğ¨ğ®ğ¬ ğ£ğ¨ğ› ğšğ§ğ ğ¡ğğ« ğ ğ«ğğšğ­ ğğ±ğ©ğğ«ğ¢ğğ§ğœğ ğ¢ğ§ ğ¡ğğ¥ğ©ğ¢ğ§ğ  ğ­ğ¡ğğ¢ğ« ğ¢ğ§ğ¯ğğ¬ğ­ğ¨ğ«ğ¬ , ğšğ¥ğ¥ ğ¨ğ©ğğ§ğğ ğ©ğ¨ğ¬ğ¢ğ­ğ¢ğ¨ğ§ğ¬ ğ›ğ¨ğ¨ğ¦ ğ¢ğ§ ğ©ğ«ğ¨ğŸğ¢ğ­.ğŸ’­ğŸ’­ğŸ’­",1
"ğ‘¨ğ’” ğ’‚ ğ’ƒğ’†ğ’ˆğ’Šğ’ğ’ğ’†ğ’“ ğ’Šğ’ğ’—ğ’†ğ’”ğ’•ğ’ğ’“, ğ’Šğ’•'ğ’” ğ’†ğ’”ğ’”ğ’†ğ’ğ’•ğ’Šğ’‚ğ’ ğ’‡ğ’ğ’“ ğ’šğ’ğ’– ğ’•ğ’ ğ’‰ğ’‚ğ’—ğ’† ğ’‚ ğ’ğ’†ğ’ğ’•ğ’ğ’“ ğ’•ğ’ ğ’Œğ’†ğ’†ğ’‘ ğ’šğ’ğ’– ğ’‚ğ’„ğ’„ğ’ğ’–ğ’ğ’•ğ’‚ğ’ƒğ’ğ’†.  ğ‘´ğ’šğ’”ğ’†ğ’ğ’‡, ğ‘°'ğ’ ğ’ˆğ’–ğ’Šğ’…ğ’†ğ’… ğ’ƒğ’šğŸ‘‰ ğ‘¯ğ’†ğ’ğ’“ğ’Šğ’†ğ’ğ’ğ’‚ ğ‘®ğ’†ğ’ğ’‡ğ’‡ğ’“ğ’†ğ’š.ğ’ğ’ ğ‘°ğ’ğ’”ğ’•ğ’‚ğ’ˆğ’“ğ’‚ğ’",1
Write Ricky on Whatsapp +1 7â€™8â€™6â€™8â€™4â€™1â€™3â€™8â€™8â€™1.................  .. ,1
"Link her on
wa.t.s.a.p.p.(+1,8, 0, 3, 8, 1, 4, 4, 6, 4, 7,)",1
"Step Up Your Investments Strategy With
â™..Elizabeth E Howard On FaÃ§eğŸ“–Book âœ¨
Offers Very effective Recommendations.
right her on whatsapp
(+44 7 87 87 61152)",1
"I&#39;ve had some experiences with some financial planners, I settled with James, who I realized is much rather equipped and thorough. in my first 6months of trading with him. I earned Â£480K.",1
"El &#39;Golden Boy&#39; Gavi recibe una lluvia de collejas como homenaje en el entrenamiento
--
Â¿ğ™Œğ™ªğ™ğ™šğ™§ğ™šğ™¨ ğ™©ğ™šğ™£ğ™šğ™§ ğ™˜ğ™¤ğ™£ğ™«ğ™šğ™§ğ™¨ğ™–ğ™˜ğ™ğ™¤ğ™£ğ™šğ™¨ ğ™–ğ™¥ğ™–ğ™¨ğ™ğ™¤ğ™£ğ™–ğ™™ğ™–ğ™¨? Â¡ğ™€ğ™¨ğ™©Ã¡ğ™¨ ğ™šğ™£ ğ™šğ™¡ ğ™˜ğ™–ğ™¢ğ™ğ™£ğ™¤ ğ™˜ğ™¤ğ™§ğ™§ğ™šğ™˜ğ™©ğ™¤!
ğ™ğ™¤ğ™¡ğ™–.ğ™œğ™–ğ™¡ğ™ğ™©ğ™šğ™˜.ğ™šğ™¨",1
<p>Qatar se convierte en la primera anfitriona en perder el partido inaugural</p><p>--</p><p>Â¿ğ‡ğšğ¬ ğ©ğ«ğ¨ğ›ğšğğ¨ ğğ¥ ğœğ¢ğ›ğğ«ğ¬ğğ±ğ¨? Â¡ğƒÃ©ğ¦ğ¨ğ§ğ¨ğ¬ ğ©ğ¥ğšğœğğ« ğğ¬ğ­ğš ğ§ğ¨ğœğ¡ğ!!</p><p>ğ˜…ğ˜…ğ—¸ğ—¶ğ˜€ğ˜€.ğ—°ğ—µğ—²ğ˜€ğ˜ğ—®.ğ—°ğ—¼ğ—º</p>,1
"Am so excited to see more people mentioning about Magdalena Gabriel , have been getting much losses trying to trade for my self, but last month ago a friend informed me about her platform. I countlessly share my experience with my co_workers at work she&#39;s so amazing with her trading skills contact her she will give you a specific explanation about her platform. ",1
"I recommend Expert Claudia O. Spaulding to anyone who wishes to invest in forex/crypto trading, her strategy is working for me. I&#39;m making good profits from bitcoin trading
Contact her and complain nomoreğŸ‘‡
Facebook @Claudia O Spaulding
What&#34;sApp +19044908032",1
"F, a, c, e, b, o, o, k ğŸ‘‰ ğŸ€ğŸ…œğŸ…¡ğŸ…¢ ğŸ…’ğŸ…›ğŸ…ğŸ…¤ğŸ…“ğŸ…˜ğŸ…â¤ï¸ ğŸ… ğŸ…¢ğŸ…ŸğŸ…ğŸ…¤ğŸ…›ğŸ…“ğŸ…˜ğŸ…ğŸ…– ğŸ‘ˆğŸ‘ˆğŸ’­ğŸ’­.ğŸ’¦ğŸ’«ğŸ’«ğŸ’«ğŸ’«ğŸ’«ğŸ’«ğŸ’«ğŸ’¯",1
"I gained about $78k from an Initial investment of $5k That was insane, through á´€Ê€Éªá´‡ÊŸÊŸá´€ á´‡ á´›á´ÊŸá´€É´ ..........ğŸ“Š",1
"l just g0t pald over 130 D0IIars per h0ur w0rklng fr0m h0me. l never th0ught l&#39;d be cap@ble t0 d0 lt but my best buddy gets 0ver 19573 D0IIars a m0nth d0ing this and she c0nvinced me t0 try.Â 

&gt;&gt;&gt; Vlslt my name for lnfo",1
"Lori Gosnell is Very much of a professional trader. He Executes trades with a sound approach to ensure customer is balanced with appropriate security measures and approach in place to avoid losses, Lori is the best trader I have worked with miles ahead the rest.",1
"Stay competent with an expert trader
ğŸ‘‰... ronda h. brandt .._trader on facebook ğŸ‘†",1
seek help from a professional mentor on facebook ğŸ‘‡ helena q. ortega,1
<p>Dollars earning straightforward job to figure and earn on-line. begin now creating daily over $500 merely acting from home.~hn114~ Last month my earning from this are $16205 and that i gave this job solely two hours from my whole day. simplest way to earn additional financial gain online and it doesnâ€™t desires any quite special experience. move to this web site without delay andfollow details to induce</p><p>started right nowâ€¦â€¦ ğ–ğ°ğ°.ğ­ğ¨ğ©ğœğ¢ğ­ğ²ğ©ğšğ².ğœğ¨ğ¦</p>,1
"You Reach out to her on the Facebook via Margaret Routt, for any related crypto problems, tell her I referred you.",1
......On  Face..b00k........â¤µï¸â¤µï¸ğŸ‡ºğŸ‡¸ğŸ‡ºğŸ‡¸,1
ğ–¥ğ—‚ğ—‡ğ–½ ğ—ğ–¾ğ—‹ ğ—ˆğ—‡ ğ–¥ğ–ºğ–¼ğ–¾ğ–»ğ—ˆğ—ˆğ—„ ğ–ºğ—Œ ğ–²ğ—ˆğ—„ğ—ˆğ—…ğ–¾ğ— ğ–«ğ–ºğ—ğ—‹ğ–º ,1
Trading successfully is when you have the right strategy. Trading with James strategy has brought me great success. I have never seen a strategy as consistent as his. keep it up James,1
"<p>I like three kinds of people:one who is better than me, another who makes me great, and another who is willing to get better with me!  Are you this person who can make us better together with each other? Then add me on WhatsApp:+19298006704</p><p>ğŸ¤ª</p>",1
